{"cameraMode":{"drawMode":0,"name":"Shaded","section":"Shading Mode"},"sceneLighting":true,"audioPlay":false,"sceneViewState":{"showFog":true,"showMaterialUpdate":false,"showSkybox":true,"showFlares":true,"showImageEffects":true,"showParticleSystems":true},"in2DMode":false,"pivot":{"x":-0.12762451171875,"y":3.191162109375,"z":-2.321044921875},"rotation":{"x":-0.007498838473111391,"y":0.017100613564252855,"z":0.00012824838631786406,"w":0.9998257160186768},"size":3.782046318054199,"orthographic":true}